<?xml version="1.0" encoding="UTF-8" ?>
<!DOCTYPE mapper PUBLIC "-//mybatis.org//DTD Mapper 3.0//EN" 
	"http://mybatis.org/dtd/mybatis-3-mapper.dtd">

<mapper namespace="com.example.happyhouse.model.mapper.DataMapper">
 <insert id="addOfficeRentData" parameterType="DealDto">
		insert into officerent (dong, office_name, gugun_code, deposit, build_year, deal_year, deal_month, deal_day, area, floor, jibun, rent_money)
		values (#{dong}, #{name}, #{gunguCode}, #{deposit}, #{buildYear}, #{dealYear}, #{dealMonth}, #{dealDay}, #{area}, #{floor}, #{jibun}, #{rentMoney})
	</insert>
	
	<insert id="addOfficeDealData" parameterType="DealDto">
		insert into officedeal (dong, office_name, gugun_code, deal_amount, build_year, deal_year, deal_month, deal_day, area, floor, jibun)
		values (#{dong}, #{name}, #{gunguCode}, #{dealAmount}, #{buildYear}, #{dealYear}, #{dealMonth}, #{dealDay}, #{area}, #{floor}, #{jibun})
	</insert>
	
	<insert id="addHomeRentData" parameterType="DealDto">
		insert into homerent (dong, home_name, gugun_code, deposit, build_year, deal_year, deal_month, deal_day, area, floor, jibun, rent_money)
		values (#{dong}, #{name}, #{gunguCode},  #{deposit}, #{buildYear}, #{dealYear}, #{dealMonth}, #{dealDay}, #{area}, #{floor}, #{jibun}, #{rentMoney})
	</insert>
	
	<insert id="addHomeDealData" parameterType="DealDto">
		insert into homedeal (dong, home_name, gugun_code, deal_amount, build_year, deal_year, deal_month, deal_day, area, floor, jibun)
		values (#{dong}, #{name}, #{gunguCode}, #{dealAmount}, #{buildYear}, #{dealYear}, #{dealMonth}, #          {dealDay}, #{area}, #{floor}, #{jibun})
	</insert>
	
	<insert id="addAptRentData" parameterType="DealDto">
		insert into aptrent (dong, apt_name, gugun_code, deposit, build_year, deal_year, deal_month, deal_day, area, floor, jibun, rent_money)
		values (#{dong}, #{name}, #{gunguCode},  #{deposit}, #{buildYear}, #{dealYear}, #{dealMonth}, #{dealDay}, #{area}, #{floor}, #{jibun}, #{rentMoney})
	</insert>
	
	<insert id="addAptDealData" parameterType="DealDto">
		insert into aptdeal (dong, apt_name, gugun_code, deal_amount, build_year, deal_year, deal_month, deal_day, area, floor, jibun)
		values (#{dong}, #{name}, #{gunguCode}, #{dealAmount}, #{buildYear}, #{dealYear}, #{dealMonth}, #{dealDay}, #{area}, #{floor}, #{jibun})
	</insert>
</mapper>